"measure_id","measure_name","location_id","location_name","sex_id","sex_name","age_id","age_name","cause_id","cause_name","metric_id","metric_name","year","val","upper","lower"
1,"Deaths",48,"Hungary",3,"Both",22,"All ages",294,"All causes",3,"Rate",2019,1332.04839013645,1559.69645098433,1136.05574624397
1,"Deaths",191,"Zambia",3,"Both",22,"All ages",294,"All causes",3,"Rate",2019,676.374169521333,791.08647881056,585.756913973895
1,"Deaths",396,"San Marino",3,"Both",22,"All ages",294,"All causes",3,"Rate",2019,911.174325747033,1214.6595278732,656.158806950565
1,"Deaths",207,"Ghana",3,"Both",22,"All ages",294,"All causes",3,"Rate",2019,660.136549727026,758.098497704531,573.064383697417
1,"Deaths",112,"Grenada",3,"Both",22,"All ages",294,"All causes",3,"Rate",2019,793.003685918636,850.159503752176,737.384112939451
1,"Deaths",522,"Sudan",3,"Both",22,"All ages",294,"All causes",3,"Rate",2019,495.401077382978,576.96365977402,425.281985851439
1,"Deaths",80,"France",3,"Both",22,"All ages",294,"All causes",3,"Rate",2019,911.236374096831,926.29119187257,896.913531495805
1,"Deaths",305,"Bermuda",3,"Both",22,"All ages",294,"All causes",3,"Rate",2019,905.19081659237,1058.20348878626,799.897714685276
1,"Deaths",51,"Poland",3,"Both",22,"All ages",294,"All causes",3,"Rate",2019,1057.06392751222,1210.97796317811,912.265706698285
1,"Deaths",19,"Timor-Leste",3,"Both",22,"All ages",294,"All causes",3,"Rate",2019,581.065711207905,645.624232648706,499.349253142776
1,"Deaths",35,"Georgia",3,"Both",22,"All ages",294,"All causes",3,"Rate",2019,1348.47900128243,1530.707300558,1180.64421378265
1,"Deaths",145,"Kuwait",3,"Both",22,"All ages",294,"All causes",3,"Rate",2019,226.200408673193,262.529821067555,195.417236154981
1,"Deaths",161,"Bangladesh",3,"Both",22,"All ages",294,"All causes",3,"Rate",2019,533.443052416076,631.407531668015,447.643117603161
1,"Deaths",67,"Japan",3,"Both",22,"All ages",294,"All causes",3,"Rate",2019,1095.57079306265,1105.67905786474,1085.49900327432
1,"Deaths",177,"Djibouti",3,"Both",22,"All ages",294,"All causes",3,"Rate",2019,629.82257951152,790.464960054346,509.257013347886
1,"Deaths",194,"Lesotho",3,"Both",22,"All ages",294,"All causes",3,"Rate",2019,1554.50132396547,1836.87075282611,1304.01720988833
1,"Deaths",6,"China",3,"Both",22,"All ages",294,"All causes",3,"Rate",2019,749.00304903511,848.578504819421,654.619163151661
1,"Deaths",83,"Iceland",3,"Both",22,"All ages",294,"All causes",3,"Rate",2019,612.767423596624,663.054519896661,570.593955452518
1,"Deaths",132,"Panama",3,"Both",22,"All ages",294,"All causes",3,"Rate",2019,475.851671139837,590.43079790125,381.860827584378
1,"Deaths",210,"Liberia",3,"Both",22,"All ages",294,"All causes",3,"Rate",2019,621.093434226248,734.010152629315,531.057274470921
1,"Deaths",22,"Fiji",3,"Both",22,"All ages",294,"All causes",3,"Rate",2019,814.16490745356,1003.95330724757,655.592214688629
1,"Deaths",148,"Morocco",3,"Both",22,"All ages",294,"All causes",3,"Rate",2019,634.5216829154,726.686119378545,522.463147243555
1,"Deaths",38,"Mongolia",3,"Both",22,"All ages",294,"All causes",3,"Rate",2019,733.826138008628,919.490498194159,590.179804029444
1,"Deaths",164,"Nepal",3,"Both",22,"All ages",294,"All causes",3,"Rate",2019,635.614731423453,710.758567322584,543.791418610437
1,"Deaths",54,"Slovakia",3,"Both",22,"All ages",294,"All causes",3,"Rate",2019,1003.2500662959,1217.38413581631,822.097814176374
1,"Deaths",180,"Kenya",3,"Both",22,"All ages",294,"All causes",3,"Rate",2019,585.110585561382,640.739691787442,533.833113493466
1,"Deaths",197,"Eswatini",3,"Both",22,"All ages",294,"All causes",3,"Rate",2019,1012.73138482411,1234.1827097241,827.790598950708
1,"Deaths",119,"Trinidad and Tobago",3,"Both",22,"All ages",294,"All causes",3,"Rate",2019,847.9580938661,1077.67279991637,660.724336099632
1,"Deaths",151,"Qatar",3,"Both",22,"All ages",294,"All causes",3,"Rate",2019,154.351752159139,193.189074927765,122.475645131231
1,"Deaths",369,"Nauru",3,"Both",22,"All ages",294,"All causes",3,"Rate",2019,632.536496816068,748.805967653796,535.593777540425
1,"Deaths",135,"Brazil",3,"Both",22,"All ages",294,"All causes",3,"Rate",2019,651.243648672963,668.450862415226,634.81074982396
1,"Deaths",25,"Micronesia (Federated States of)",3,"Both",22,"All ages",294,"All causes",3,"Rate",2019,919.79593800713,1110.43595671342,754.417642270848
1,"Deaths",183,"Mauritius",3,"Both",22,"All ages",294,"All causes",3,"Rate",2019,839.169330491576,1003.14393682092,700.504381531223
1,"Deaths",74,"Andorra",3,"Both",22,"All ages",294,"All causes",3,"Rate",2019,746.062363670615,906.828387108143,602.456641014732
1,"Deaths",90,"Norway",3,"Both",22,"All ages",294,"All causes",3,"Rate",2019,773.734593098769,786.132981520063,761.828131793959
1,"Deaths",41,"Uzbekistan",3,"Both",22,"All ages",294,"All causes",3,"Rate",2019,604.561789344364,698.944078071298,521.69266981726
1,"Deaths",122,"Ecuador",3,"Both",22,"All ages",294,"All causes",3,"Rate",2019,526.092781806887,645.297154198159,435.60788263287
1,"Deaths",217,"Sierra Leone",3,"Both",22,"All ages",294,"All causes",3,"Rate",2019,846.300490501357,1020.97465676729,702.377205808492
1,"Deaths",154,"Tunisia",3,"Both",22,"All ages",294,"All causes",3,"Rate",2019,584.34691927859,738.239402176556,458.562848401851
1,"Deaths",12,"Lao People's Democratic Republic",3,"Both",22,"All ages",294,"All causes",3,"Rate",2019,621.057413402748,740.362454122128,511.125004106692
1,"Deaths",380,"Palau",3,"Both",22,"All ages",294,"All causes",3,"Rate",2019,1159.01228003934,1426.6298386825,935.52068750064
1,"Deaths",77,"Cyprus",3,"Both",22,"All ages",294,"All causes",3,"Rate",2019,662.931172396154,720.180374276935,611.645894878746
1,"Deaths",93,"Sweden",3,"Both",22,"All ages",294,"All causes",3,"Rate",2019,917.591079562906,929.006674148617,907.210663906153
1,"Deaths",61,"Republic of Moldova",3,"Both",22,"All ages",294,"All causes",3,"Rate",2019,1111.59921392256,1230.9469680237,1002.56340415627
1,"Deaths",106,"Bahamas",3,"Both",22,"All ages",294,"All causes",3,"Rate",2019,724.622261490783,865.832433478726,615.511312398971
1,"Deaths",187,"Somalia",3,"Both",22,"All ages",294,"All causes",3,"Rate",2019,905.618161053376,1159.08292662941,723.004073111499
1,"Deaths",204,"Chad",3,"Both",22,"All ages",294,"All causes",3,"Rate",2019,955.243785984367,1110.32868555957,832.096827223666
1,"Deaths",141,"Egypt",3,"Both",22,"All ages",294,"All causes",3,"Rate",2019,566.829892499495,704.33145117183,452.256767225244
1,"Deaths",125,"Colombia",3,"Both",22,"All ages",294,"All causes",3,"Rate",2019,516.31692586781,640.597595654682,414.274534361166
1,"Deaths",109,"Cuba",3,"Both",22,"All ages",294,"All causes",3,"Rate",2019,933.082255131352,1095.37929640801,789.294163231405
1,"Deaths",15,"Myanmar",3,"Both",22,"All ages",294,"All causes",3,"Rate",2019,769.853577873825,904.303750536537,671.155791382783
1,"Deaths",47,"Czechia",3,"Both",22,"All ages",294,"All causes",3,"Rate",2019,1069.22478492034,1258.15844872064,907.762133888263
1,"Deaths",63,"Ukraine",3,"Both",22,"All ages",294,"All causes",3,"Rate",2019,1586.34031348176,1809.4215472618,1397.45216736713
1,"Deaths",79,"Finland",3,"Both",22,"All ages",294,"All causes",3,"Rate",2019,1013.95665138843,1045.5196816525,984.779082447512
1,"Deaths",95,"United Kingdom",3,"Both",22,"All ages",294,"All causes",3,"Rate",2019,925.03794978674,933.043275965342,917.600049422418
1,"Deaths",18,"Thailand",3,"Both",22,"All ages",294,"All causes",3,"Rate",2019,709.586499956162,895.774817901137,555.196085068415
1,"Deaths",16,"Philippines",3,"Both",22,"All ages",294,"All causes",3,"Rate",2019,569.63176445184,656.564296518121,488.980923647563
1,"Deaths",144,"Jordan",3,"Both",22,"All ages",294,"All causes",3,"Rate",2019,277.267981590984,323.446406166203,240.30487299708
1,"Deaths",176,"Comoros",3,"Both",22,"All ages",294,"All causes",3,"Rate",2019,700.893052280077,815.401365311984,618.274929861689
1,"Deaths",66,"Brunei Darussalam",3,"Both",22,"All ages",294,"All causes",3,"Rate",2019,430.157650884618,476.156771358591,389.689581074799
1,"Deaths",50,"Montenegro",3,"Both",22,"All ages",294,"All causes",3,"Rate",2019,1095.15499685296,1252.12748560133,959.093099033764
1,"Deaths",128,"Guatemala",3,"Both",22,"All ages",294,"All causes",3,"Rate",2019,533.404418230027,661.950457442985,427.043793861796
1,"Deaths",193,"Botswana",3,"Both",22,"All ages",294,"All causes",3,"Rate",2019,905.271931127176,1107.66753286725,747.680051660799
1,"Deaths",34,"Azerbaijan",3,"Both",22,"All ages",294,"All causes",3,"Rate",2019,730.919120946791,831.194451951715,653.228656280579
1,"Deaths",110,"Dominica",3,"Both",22,"All ages",294,"All causes",3,"Rate",2019,1070.19816328474,1256.25364872784,926.738364561813
1,"Deaths",94,"Switzerland",3,"Both",22,"All ages",294,"All causes",3,"Rate",2019,795.614978543497,813.379278310949,779.087618463869
1,"Deaths",126,"Costa Rica",3,"Both",22,"All ages",294,"All causes",3,"Rate",2019,517.638838138052,638.952060993271,417.647090044484
1,"Deaths",209,"Guinea-Bissau",3,"Both",22,"All ages",294,"All causes",3,"Rate",2019,779.323407956598,939.933883133225,650.314202686619
1,"Deaths",160,"Afghanistan",3,"Both",22,"All ages",294,"All causes",3,"Rate",2019,656.828455001427,764.314480414787,560.512342131703
1,"Deaths",142,"Iran (Islamic Republic of)",3,"Both",22,"All ages",294,"All causes",3,"Rate",2019,463.965538478426,477.036786002182,452.576727544715
1,"Deaths",147,"Libya",3,"Both",22,"All ages",294,"All causes",3,"Rate",2019,470.039723523799,567.960674628692,392.759489685119
1,"Deaths",422,"United States Virgin Islands",3,"Both",22,"All ages",294,"All causes",3,"Rate",2019,1229.99719958996,1347.1675248976,1093.40620374199
1,"Deaths",99,"Uruguay",3,"Both",22,"All ages",294,"All causes",3,"Rate",2019,985.038786965901,1012.03228012001,960.497927303009
1,"Deaths",179,"Ethiopia",3,"Both",22,"All ages",294,"All causes",3,"Rate",2019,520.485832084676,578.091974980841,470.407303790989
1,"Deaths",97,"Argentina",3,"Both",22,"All ages",294,"All causes",3,"Rate",2019,773.180497401531,789.496642132787,758.3536160268
1,"Deaths",113,"Guyana",3,"Both",22,"All ages",294,"All causes",3,"Rate",2019,867.232017564758,1075.28870513158,692.766142911568
1,"Deaths",81,"Germany",3,"Both",22,"All ages",294,"All causes",3,"Rate",2019,1130.42413508711,1150.22752388763,1113.84159089695
1,"Deaths",37,"Kyrgyzstan",3,"Both",22,"All ages",294,"All causes",3,"Rate",2019,530.586723771137,585.056410310116,480.694043106806
1,"Deaths",129,"Honduras",3,"Both",22,"All ages",294,"All causes",3,"Rate",2019,535.634870079532,635.689254229107,470.537908406857
1,"Deaths",36,"Kazakhstan",3,"Both",22,"All ages",294,"All causes",3,"Rate",2019,758.301438724792,844.189115904889,679.045116801414
1,"Deaths",163,"India",3,"Both",22,"All ages",294,"All causes",3,"Rate",2019,675.307508153536,749.664305205239,606.151505299508
1,"Deaths",208,"Guinea",3,"Both",22,"All ages",294,"All causes",3,"Rate",2019,903.769648391299,1091.79315621766,740.806041394626
1,"Deaths",52,"Romania",3,"Both",22,"All ages",294,"All causes",3,"Rate",2019,1366.16937847746,1586.22690728975,1167.95644058621
1,"Deaths",131,"Nicaragua",3,"Both",22,"All ages",294,"All causes",3,"Rate",2019,448.459058619317,515.852682382475,382.257767124209
1,"Deaths",115,"Jamaica",3,"Both",22,"All ages",294,"All causes",3,"Rate",2019,699.374209901068,840.743102298338,580.002604092448
1,"Deaths",86,"Italy",3,"Both",22,"All ages",294,"All causes",3,"Rate",2019,1065.01058597084,1074.03193645068,1055.84046683608
1,"Deaths",7,"Democratic People's Republic of Korea",3,"Both",22,"All ages",294,"All causes",3,"Rate",2019,903.665612400008,1044.46343588235,790.610839208947
1,"Deaths",24,"Marshall Islands",3,"Both",22,"All ages",294,"All causes",3,"Rate",2019,743.095769386937,928.371009071665,597.905000701767
1,"Deaths",23,"Kiribati",3,"Both",22,"All ages",294,"All causes",3,"Rate",2019,970.339226687639,1160.17041909313,802.521951657904
1,"Deaths",213,"Niger",3,"Both",22,"All ages",294,"All causes",3,"Rate",2019,869.792941139302,1070.39787272319,713.17846251769
1,"Deaths",102,"United States of America",3,"Both",22,"All ages",294,"All causes",3,"Rate",2019,898.36793864568,905.190503847459,891.62036770864
1,"Deaths",351,"Guam",3,"Both",22,"All ages",294,"All causes",3,"Rate",2019,660.90350082816,766.565825008017,571.187666527265
1,"Deaths",150,"Oman",3,"Both",22,"All ages",294,"All causes",3,"Rate",2019,269.943317568545,292.204964469471,249.117577046344
1,"Deaths",33,"Armenia",3,"Both",22,"All ages",294,"All causes",3,"Rate",2019,926.525776243779,1058.59566709442,807.109724306377
1,"Deaths",116,"Saint Lucia",3,"Both",22,"All ages",294,"All causes",3,"Rate",2019,805.201313138662,923.523295124044,701.764263562466
1,"Deaths",84,"Ireland",3,"Both",22,"All ages",294,"All causes",3,"Rate",2019,658.901521811046,680.903414139882,638.538445616606
1,"Deaths",68,"Republic of Korea",3,"Both",22,"All ages",294,"All causes",3,"Rate",2019,596.705958758032,618.149707245281,576.349897598203
1,"Deaths",8,"Taiwan (Province of China)",3,"Both",22,"All ages",294,"All causes",3,"Rate",2019,784.772448110698,980.412764311681,637.521492651575
1,"Deaths",435,"South Sudan",3,"Both",22,"All ages",294,"All causes",3,"Rate",2019,783.576285902792,942.346895788832,656.906592547883
1,"Deaths",178,"Eritrea",3,"Both",22,"All ages",294,"All causes",3,"Rate",2019,646.607927436391,843.568671567295,507.887488974547
1,"Deaths",143,"Iraq",3,"Both",22,"All ages",294,"All causes",3,"Rate",2019,426.442100760216,508.333995669571,351.501593427901
1,"Deaths",17,"Sri Lanka",3,"Both",22,"All ages",294,"All causes",3,"Rate",2019,620.621115672459,789.993135167609,481.898166072265
1,"Deaths",393,"Saint Kitts and Nevis",3,"Both",22,"All ages",294,"All causes",3,"Rate",2019,839.775416096195,953.077870898628,762.98051624612
1,"Deaths",111,"Dominican Republic",3,"Both",22,"All ages",294,"All causes",3,"Rate",2019,648.27855839328,800.352855927367,526.73426962212
1,"Deaths",413,"Tokelau",3,"Both",22,"All ages",294,"All causes",3,"Rate",2019,787.344295249302,966.535592421892,651.393832297222
1,"Deaths",49,"North Macedonia",3,"Both",22,"All ages",294,"All causes",3,"Rate",2019,1117.02650747505,1345.54380682174,922.644430527771
1,"Deaths",211,"Mali",3,"Both",22,"All ages",294,"All causes",3,"Rate",2019,919.052039625905,1134.16848923381,753.982116763663
1,"Deaths",127,"El Salvador",3,"Both",22,"All ages",294,"All causes",3,"Rate",2019,642.545600639504,802.073566005831,508.075460004631
1,"Deaths",175,"Burundi",3,"Both",22,"All ages",294,"All causes",3,"Rate",2019,699.37796204259,864.742771121195,565.701315373555
1,"Deaths",39,"Tajikistan",3,"Both",22,"All ages",294,"All causes",3,"Rate",2019,513.071883409031,610.020287954665,434.649475843102
1,"Deaths",55,"Slovenia",3,"Both",22,"All ages",294,"All causes",3,"Rate",2019,1003.39826927218,1246.62329823477,817.276549380173
1,"Deaths",57,"Belarus",3,"Both",22,"All ages",294,"All causes",3,"Rate",2019,1281.75534524455,1584.26851086172,1049.11068953083
1,"Deaths",149,"Palestine",3,"Both",22,"All ages",294,"All causes",3,"Rate",2019,335.070368100763,374.647471047769,299.098231702917
1,"Deaths",118,"Suriname",3,"Both",22,"All ages",294,"All causes",3,"Rate",2019,758.93002591607,884.138888947794,651.34369876872
1,"Deaths",10,"Cambodia",3,"Both",22,"All ages",294,"All causes",3,"Rate",2019,667.650358211099,759.58903707096,561.612682016827
1,"Deaths",200,"Benin",3,"Both",22,"All ages",294,"All causes",3,"Rate",2019,734.778680169395,911.097134893864,598.660648452514
1,"Deaths",195,"Namibia",3,"Both",22,"All ages",294,"All causes",3,"Rate",2019,786.764264630763,955.560151110167,652.813560749058
1,"Deaths",216,"Senegal",3,"Both",22,"All ages",294,"All causes",3,"Rate",2019,594.080879384411,687.553919338908,521.896209627556
1,"Deaths",320,"Cook Islands",3,"Both",22,"All ages",294,"All causes",3,"Rate",2019,919.627351070343,1071.99500781256,802.977654612955
1,"Deaths",89,"Netherlands",3,"Both",22,"All ages",294,"All causes",3,"Rate",2019,915.137654585288,936.436619197866,895.296525833311
1,"Deaths",105,"Antigua and Barbuda",3,"Both",22,"All ages",294,"All causes",3,"Rate",2019,689.187167705812,773.565873157477,612.522416567136
1,"Deaths",82,"Greece",3,"Both",22,"All ages",294,"All causes",3,"Rate",2019,1244.71809232376,1271.47490430276,1220.1068221245
1,"Deaths",367,"Monaco",3,"Both",22,"All ages",294,"All causes",3,"Rate",2019,1394.08530407658,1548.00111385709,1186.17855609001
1,"Deaths",87,"Luxembourg",3,"Both",22,"All ages",294,"All causes",3,"Rate",2019,670.477316204835,740.553397270731,611.951362814238
1,"Deaths",71,"Australia",3,"Both",22,"All ages",294,"All causes",3,"Rate",2019,695.423464764051,708.753605385531,682.988047137379
1,"Deaths",26,"Papua New Guinea",3,"Both",22,"All ages",294,"All causes",3,"Rate",2019,707.284423506184,884.782636154228,565.566976854102
1,"Deaths",98,"Chile",3,"Both",22,"All ages",294,"All causes",3,"Rate",2019,621.405032199719,639.346365990179,604.948547351544
1,"Deaths",28,"Solomon Islands",3,"Both",22,"All ages",294,"All causes",3,"Rate",2019,948.820526093255,1125.13669275697,797.98807362946
1,"Deaths",181,"Madagascar",3,"Both",22,"All ages",294,"All causes",3,"Rate",2019,615.057209880638,737.79147267099,506.865832395599
1,"Deaths",165,"Pakistan",3,"Both",22,"All ages",294,"All causes",3,"Rate",2019,669.400384126676,756.587120732079,592.986415535072
1,"Deaths",416,"Tuvalu",3,"Both",22,"All ages",294,"All causes",3,"Rate",2019,909.786017549713,1154.43092170137,729.552237557932
1,"Deaths",20,"Viet Nam",3,"Both",22,"All ages",294,"All causes",3,"Rate",2019,655.596527385265,740.953808063736,558.351466382281
1,"Deaths",146,"Lebanon",3,"Both",22,"All ages",294,"All causes",3,"Rate",2019,654.000463553487,716.856634781837,593.144786631091
1,"Deaths",298,"American Samoa",3,"Both",22,"All ages",294,"All causes",3,"Rate",2019,690.202274259027,800.971063880987,597.363698493656
1,"Deaths",121,"Bolivia (Plurinational State of)",3,"Both",22,"All ages",294,"All causes",3,"Rate",2019,631.964694657931,738.880821383219,528.510119183253
1,"Deaths",114,"Haiti",3,"Both",22,"All ages",294,"All causes",3,"Rate",2019,803.959229783507,979.539577495618,660.87005714013
1,"Deaths",186,"Seychelles",3,"Both",22,"All ages",294,"All causes",3,"Rate",2019,780.498011261148,852.335180823449,715.503399885482
1,"Deaths",130,"Mexico",3,"Both",22,"All ages",294,"All causes",3,"Rate",2019,591.022729697939,662.439067729436,524.03587414095
1,"Deaths",69,"Singapore",3,"Both",22,"All ages",294,"All causes",3,"Rate",2019,409.743996037576,419.854251198873,400.359219649653
1,"Deaths",76,"Belgium",3,"Both",22,"All ages",294,"All causes",3,"Rate",2019,998.965605220647,1019.17129369726,980.040595760411
1,"Deaths",170,"Congo",3,"Both",22,"All ages",294,"All causes",3,"Rate",2019,678.197542923682,816.312475079263,568.870148788671
1,"Deaths",108,"Belize",3,"Both",22,"All ages",294,"All causes",3,"Rate",2019,485.284952337004,543.618948738879,433.128827456666
1,"Deaths",152,"Saudi Arabia",3,"Both",22,"All ages",294,"All causes",3,"Rate",2019,359.642123601458,437.143016696386,294.669713824464
1,"Deaths",13,"Malaysia",3,"Both",22,"All ages",294,"All causes",3,"Rate",2019,561.878290188488,679.442613004033,463.148400476119
1,"Deaths",162,"Bhutan",3,"Both",22,"All ages",294,"All causes",3,"Rate",2019,563.785402772086,665.11503475303,464.743948091135
1,"Deaths",92,"Spain",3,"Both",22,"All ages",294,"All causes",3,"Rate",2019,931.259049810751,947.1887139522,916.326256568113
1,"Deaths",214,"Nigeria",3,"Both",22,"All ages",294,"All causes",3,"Rate",2019,741.6218003233,852.241710410795,647.69668876633
1,"Deaths",376,"Northern Mariana Islands",3,"Both",22,"All ages",294,"All causes",3,"Rate",2019,824.742055762744,938.106059938849,712.628246300139
1,"Deaths",58,"Estonia",3,"Both",22,"All ages",294,"All causes",3,"Rate",2019,1210.69338025657,1454.4771338731,995.756440201522
1,"Deaths",196,"South Africa",3,"Both",22,"All ages",294,"All causes",3,"Rate",2019,938.68886541475,998.34909727786,889.903407968687
1,"Deaths",203,"Cabo Verde",3,"Both",22,"All ages",294,"All causes",3,"Rate",2019,621.146593516541,682.510816738339,564.83670442776
1,"Deaths",101,"Canada",3,"Both",22,"All ages",294,"All causes",3,"Rate",2019,789.14050157143,798.938371895348,779.862576429996
1,"Deaths",85,"Israel",3,"Both",22,"All ages",294,"All causes",3,"Rate",2019,514.795651527279,527.962765012545,502.634284721643
1,"Deaths",198,"Zimbabwe",3,"Both",22,"All ages",294,"All causes",3,"Rate",2019,842.874629742346,979.869678096551,730.90706045592
1,"Deaths",44,"Bosnia and Herzegovina",3,"Both",22,"All ages",294,"All causes",3,"Rate",2019,1134.06758182375,1372.91940791746,931.081625320735
1,"Deaths",53,"Serbia",3,"Both",22,"All ages",294,"All causes",3,"Rate",2019,1344.8272051874,1607.12720168023,1121.62927556418
1,"Deaths",157,"Yemen",3,"Both",22,"All ages",294,"All causes",3,"Rate",2019,554.050421889459,666.389087385692,469.714943730041
1,"Deaths",29,"Tonga",3,"Both",22,"All ages",294,"All causes",3,"Rate",2019,642.860273601811,767.294708958518,537.897458533474
1,"Deaths",60,"Lithuania",3,"Both",22,"All ages",294,"All causes",3,"Rate",2019,1377.89424268626,1604.43998096608,1174.67185484778
1,"Deaths",212,"Mauritania",3,"Both",22,"All ages",294,"All causes",3,"Rate",2019,522.662988918926,642.588416234811,438.960999262315
1,"Deaths",117,"Saint Vincent and the Grenadines",3,"Both",22,"All ages",294,"All causes",3,"Rate",2019,906.779187497176,1015.03239187856,813.614365735602
1,"Deaths",184,"Mozambique",3,"Both",22,"All ages",294,"All causes",3,"Rate",2019,896.721286738243,1041.8378242233,773.08771132459
1,"Deaths",168,"Angola",3,"Both",22,"All ages",294,"All causes",3,"Rate",2019,613.612772935861,727.065360546865,511.064951181611
1,"Deaths",133,"Venezuela (Bolivarian Republic of)",3,"Both",22,"All ages",294,"All causes",3,"Rate",2019,665.96376856296,844.279932688338,522.98204775315
1,"Deaths",155,"Turkey",3,"Both",22,"All ages",294,"All causes",3,"Rate",2019,558.927939049841,659.577014978846,469.64730704971
1,"Deaths",72,"New Zealand",3,"Both",22,"All ages",294,"All causes",3,"Rate",2019,767.363756822159,779.224275072715,755.639082871272
1,"Deaths",349,"Greenland",3,"Both",22,"All ages",294,"All causes",3,"Rate",2019,855.086251841968,1004.53796172737,712.108318487996
1,"Deaths",136,"Paraguay",3,"Both",22,"All ages",294,"All causes",3,"Rate",2019,493.056660823672,616.378375259943,391.44486805594
1,"Deaths",45,"Bulgaria",3,"Both",22,"All ages",294,"All causes",3,"Rate",2019,1791.38577399845,2138.77469693637,1492.1957318592
1,"Deaths",107,"Barbados",3,"Both",22,"All ages",294,"All causes",3,"Rate",2019,1038.78895921611,1188.55679366263,894.073848255375
1,"Deaths",88,"Malta",3,"Both",22,"All ages",294,"All causes",3,"Rate",2019,860.676017345621,934.157940948594,792.309394619869
1,"Deaths",201,"Burkina Faso",3,"Both",22,"All ages",294,"All causes",3,"Rate",2019,889.369156127286,1037.99753737099,777.787552208536
1,"Deaths",206,"Gambia",3,"Both",22,"All ages",294,"All causes",3,"Rate",2019,601.3296213095,693.754776061665,525.792181299984
1,"Deaths",123,"Peru",3,"Both",22,"All ages",294,"All causes",3,"Rate",2019,448.391703702115,572.013297429687,349.022663041187
1,"Deaths",40,"Turkmenistan",3,"Both",22,"All ages",294,"All causes",3,"Rate",2019,661.415770819269,804.244744559995,548.746488505732
1,"Deaths",182,"Malawi",3,"Both",22,"All ages",294,"All causes",3,"Rate",2019,632.631319794861,732.355171802929,548.574115478821
1,"Deaths",190,"Uganda",3,"Both",22,"All ages",294,"All causes",3,"Rate",2019,590.494059157239,680.279876784328,516.948929726603
1,"Deaths",215,"Sao Tome and Principe",3,"Both",22,"All ages",294,"All causes",3,"Rate",2019,492.142135406257,568.941682631207,412.827259652133
1,"Deaths",11,"Indonesia",3,"Both",22,"All ages",294,"All causes",3,"Rate",2019,657.464073539394,727.250966746966,570.495578487628
1,"Deaths",173,"Gabon",3,"Both",22,"All ages",294,"All causes",3,"Rate",2019,672.380274734131,779.543135448553,564.86971689375
1,"Deaths",27,"Samoa",3,"Both",22,"All ages",294,"All causes",3,"Rate",2019,646.858301192461,786.664189278278,538.628117591101
1,"Deaths",75,"Austria",3,"Both",22,"All ages",294,"All causes",3,"Rate",2019,925.171409746304,940.593172525898,910.690659658624
1,"Deaths",139,"Algeria",3,"Both",22,"All ages",294,"All causes",3,"Rate",2019,480.583058786034,559.577335109708,411.585839441287
1,"Deaths",153,"Syrian Arab Republic",3,"Both",22,"All ages",294,"All causes",3,"Rate",2019,582.593042123306,733.135651775944,467.856421920321
1,"Deaths",374,"Niue",3,"Both",22,"All ages",294,"All causes",3,"Rate",2019,1192.13221918158,1391.86182507625,1019.38632690564
1,"Deaths",91,"Portugal",3,"Both",22,"All ages",294,"All causes",3,"Rate",2019,1092.70550515564,1116.64040833957,1070.28412624209
1,"Deaths",43,"Albania",3,"Both",22,"All ages",294,"All causes",3,"Rate",2019,833.367195497075,1041.74912028241,659.121832499671
1,"Deaths",171,"Democratic Republic of the Congo",3,"Both",22,"All ages",294,"All causes",3,"Rate",2019,643.421691929949,751.256091171,547.236475164959
1,"Deaths",202,"Cameroon",3,"Both",22,"All ages",294,"All causes",3,"Rate",2019,712.226563899186,850.262752831252,594.532238775568
1,"Deaths",185,"Rwanda",3,"Both",22,"All ages",294,"All causes",3,"Rate",2019,540.436832149743,626.647443449667,470.772629907665
1,"Deaths",14,"Maldives",3,"Both",22,"All ages",294,"All causes",3,"Rate",2019,301.316646443999,343.910488847188,263.038524996638
1,"Deaths",59,"Latvia",3,"Both",22,"All ages",294,"All causes",3,"Rate",2019,1431.98679165188,1664.67903083911,1255.19499007721
1,"Deaths",78,"Denmark",3,"Both",22,"All ages",294,"All causes",3,"Rate",2019,954.270393422949,980.384737629729,929.850438014235
1,"Deaths",169,"Central African Republic",3,"Both",22,"All ages",294,"All causes",3,"Rate",2019,1278.4256621403,1591.76740675655,1035.93571096147
1,"Deaths",218,"Togo",3,"Both",22,"All ages",294,"All causes",3,"Rate",2019,676.071784931214,794.959136408893,576.058280153334
1,"Deaths",385,"Puerto Rico",3,"Both",22,"All ages",294,"All causes",3,"Rate",2019,934.448967779153,1143.26510896928,760.905577754983
1,"Deaths",30,"Vanuatu",3,"Both",22,"All ages",294,"All causes",3,"Rate",2019,759.292614010993,951.064202034099,621.774329778193
1,"Deaths",156,"United Arab Emirates",3,"Both",22,"All ages",294,"All causes",3,"Rate",2019,315.017892929735,404.118844144975,243.22129611262
1,"Deaths",205,"Côte d'Ivoire",3,"Both",22,"All ages",294,"All causes",3,"Rate",2019,697.065748388737,803.349607005522,606.056989040484
1,"Deaths",140,"Bahrain",3,"Both",22,"All ages",294,"All causes",3,"Rate",2019,295.688166399108,352.642245990047,246.262016947522
1,"Deaths",172,"Equatorial Guinea",3,"Both",22,"All ages",294,"All causes",3,"Rate",2019,536.561788104237,691.033702016041,410.463645272557
1,"Deaths",46,"Croatia",3,"Both",22,"All ages",294,"All causes",3,"Rate",2019,1231.46360423694,1483.36579327638,1016.70288272656
1,"Deaths",189,"United Republic of Tanzania",3,"Both",22,"All ages",294,"All causes",3,"Rate",2019,624.559818531856,719.656838863908,550.291091549881
1,"Deaths",62,"Russian Federation",3,"Both",22,"All ages",294,"All causes",3,"Rate",2019,1218.86424465133,1361.76722388139,1092.72278287299
